Time,Disturbance,Actuator,Error,RMS_E
0.400255,0.099639,0,0.102676,0
0.410255,0.0951572,-1,-1.39903,0
0.420256,0.100387,-1,-1.50322,0
0.430256,0.0950242,-1,-0.834826,0
0.440257,0.101135,-1,-1.50343,0
0.450257,0.0948909,-0.0314961,-1.4916,0
0.460258,0.101882,1,1.65052,0
0.470258,0.0947573,1,1.69232,0
0.480258,0.102629,1,0.877654,0
0.490259,0.0946233,1,0.907806,0
0.500259,0.103376,0.204724,0.0520444,0.824913
0.510259,0.0946603,-0.488189,-1.03795,0.824913
0.520258,0.102217,-1,-0.790446,0.824913
0.530257,0.0948677,-0.188976,-0.384802,0.824913
0.540256,0.101058,0.330709,0.615552,0.824913
0.550256,0.0950744,1,0.96806,0.824913
0.560255,0.0998986,0.204724,0.415471,0.824913
0.570254,0.0952805,-0.0472441,-0.567369,0.824913
0.580254,0.098738,-0.787402,-0.771138,0.824913
0.590253,0.0954857,0.496063,0.0378989,0.824913
0.600252,0.0975767,0.125984,0.441722,0.738969
0.610251,0.0956903,0.456693,0.148075,0.738969
0.620251,0.0964147,-0.370079,-0.126525,0.738969
0.63025,0.0958941,0.385827,-0.0324977,0.738969
0.640249,0.095252,-0.228346,-0.000722883,0.738969
0.650248,0.0960973,0.440945,0.0346632,0.738969
0.660248,0.0940886,-0.212598,0.0388561,0.738969
0.670247,0.0962997,0.377953,-0.037965,0.738969
0.680246,0.0929245,-0.228346,0.0257535,0.738969
0.690246,0.0965014,0.385827,-0.0268223,0.738969
0.700245,0.0917596,-0.23622,-0.00570724,0.143
0.710244,0.0967024,0.409449,0.014349,0.143
0.720243,0.0905941,-0.228346,0.00636706,0.143
0.730243,0.0969027,0.417323,0.0304167,0.143
0.740242,0.0894279,-0.251969,-0.0384827,0.143
0.750241,0.0971023,0.409449,0.0187996,0.143
0.76024,0.0882609,-0.244094,-0.00920184,0.143
0.77024,0.0973012,0.393701,-0.0273621,0.143
0.780239,0.0870933,-0.228346,0.0306126,0.143
0.790238,0.0974993,0.417323,0.0158357,0.143
0.800238,0.0859251,-0.228346,0.00198127,0.0200818
0.810237,0.0976968,0.385827,-0.0363477,0.0200818
0.820236,0.0847561,-0.220472,0.0113427,0.0200818
0.830235,0.0978936,0.409449,0.0124623,0.0200818
0.840235,0.0835865,-0.244094,0.000872566,0.0200818
0.850234,0.0980897,0.409449,0.00888518,0.0200818
0.860233,0.0824162,-0.23622,0.00963776,0.0200818
0.870233,0.0982851,0.401575,0.00595545,0.0200818
0.880232,0.0812452,-0.251969,-0.00820574,0.0200818
0.890231,0.0984798,0.417323,0.0206816,0.0200818
0.90023,0.0800736,-0.23622,0.00646397,0.0168523
0.91023,0.0986739,0.401575,0.00234626,0.0168523
0.920229,0.0789014,-0.23622,0.0257983,0.0168523
0.930228,0.0988672,0.393701,-0.00483419,0.0168523
0.940227,0.0777285,-0.244094,-0.0102443,0.0168523
0.950227,0.0990599,0.401575,0.00160025,0.0168523
0.960226,0.0765549,-0.23622,0.00395353,0.0168523
0.970225,0.0992519,0.409449,0.000973675,0.0168523
0.980225,0.0753807,-0.244094,-0.0132537,0.0168523
0.990224,0.0994432,0.401575,-0.000987039,0.0168523
1.00022,0.0742059,-0.220472,0.0233747,0.0105262
1.01022,0.099626,0.393701,-0.00156261,0.0105262
1.02022,0.0730789,-0.244094,-0.00706894,0.0105262
1.03022,0.099816,0.393701,-0.00369898,0.0105262
1.04022,0.0719028,-0.244094,0.0164116,0.0105262
1.05022,0.100005,0.393701,-0.0197863,0.0105262
1.06022,0.0707262,-0.228346,0.0168476,0.0105262
1.07022,0.100194,0.385827,-0.0256663,0.0105262
1.08022,0.0695489,-0.244094,-0.0127204,0.0105262
1.09022,0.100382,0.409449,0.0226693,0.0105262
1.10022,0.0683711,-0.259843,-0.0277438,0.0151011
1.11022,0.100569,0.409449,0.00317952,0.0151011
1.12021,0.0671926,-0.244094,-0.00282874,0.0151011
1.13021,0.100756,0.401575,-0.00377072,0.0151011
1.14021,0.0660136,-0.228346,0.015664,0.0151011
1.15021,0.100942,0.393701,0.0023567,0.0151011
1.16021,0.0648339,-0.23622,0.0127668,0.0151011
1.17021,0.101127,0.401575,-0.00160961,0.0151011
1.18021,0.0636537,-0.251969,0.00862176,0.0151011
1.19021,0.101312,0.385827,-0.0183497,0.0151011
1.20021,0.0624729,-0.23622,0.00436785,0.0123032
1.21021,0.101496,0.385827,-0.0194343,0.0123032
1.22021,0.0612915,-0.23622,0.00877662,0.0123032
1.23021,0.10168,0.409449,0.0196891,0.0123032
1.24021,0.0601096,-0.244094,0.00809162,0.0123032
1.25021,0.101862,0.401575,0.0117301,0.0123032
1.2602,0.0589271,-0.244094,-0.00476909,0.0123032
1.2702,0.102045,0.377953,-0.00729546,0.0123032
1.2802,0.057744,-0.23622,0.0227836,0.0123032
1.2902,0.102226,0.393701,-0.00828338,0.0123032
1.3002,0.0565603,-0.23622,0.0228144,0.0144019
1.3102,0.102407,0.393701,0.00424275,0.0144019
1.3202,0.0553762,-0.244094,0.00306565,0.0144019
1.3302,0.102587,0.401575,0.00518348,0.0144019
1.3402,0.0541914,-0.251969,0.0157989,0.0144019
1.3502,0.102767,0.401575,-0.00728754,0.0144019
1.3602,0.0530062,-0.23622,0.00806519,0.0144019
1.3702,0.102946,0.385827,0.00477814,0.0144019
1.3802,0.0518203,-0.23622,0.0057651,0.0144019
1.39019,0.103124,0.393701,0.000356215,0.0144019
1.40019,0.050634,-0.251969,0.00866477,0.0134604
1.41019,0.103302,0.401575,0.0115989,0.0134604
1.42019,0.0494472,-0.244094,-8.5684e-05,0.0134604
1.43019,0.103479,0.393701,0.00212265,0.0134604
1.44019,0.0482598,-0.244094,0.00314225,0.0134604
1.45019,0.103655,0.401575,0.010312,0.0134604
1.46019,0.0470719,-0.259843,-0.00375525,0.0134604
1.47019,0.103831,0.377953,-0.0108174,0.0134604
1.48019,0.0458835,-0.244094,0.00643669,0.0134604
1.49019,0.104006,0.385827,-0.0163109,0.0134604
1.50019,0.0446946,-0.244094,0.0204052,0.011852
1.51019,0.104181,0.393701,-0.00041896,0.011852
1.52019,0.0435051,-0.244094,0.00501369,0.011852
1.53018,0.104355,0.393701,0.0133226,0.011852
1.54018,0.0423152,-0.251969,-0.00473585,0.011852
1.55018,0.104529,0.393701,0.0068388,0.011852
1.56018,0.0411248,-0.251969,-0.00084354,0.011852
1.57018,0.104701,0.393701,0.00192369,0.011852
1.58018,0.039934,-0.244094,0.0124746,0.011852
1.59018,0.104874,0.409449,0.019674,0.011852
1.60018,0.0387426,-0.251969,0.00358839,0.00971923
1.61018,0.105045,0.385827,0.00245343,0.00971923
1.62018,0.0375508,-0.251969,-0.00900215,0.00971923
1.63018,0.105216,0.401575,0.0318721,0.00971923
1.64018,0.0363585,-0.259843,-0.00769341,0.00971923
1.65018,0.105387,0.385827,0.00209846,0.00971923
1.66018,0.0351657,-0.259843,-0.0169294,0.00971923
1.67017,0.105556,0.401575,0.0202451,0.00971923
1.68017,0.0339725,-0.244094,0.0180403,0.00971923
1.69017,0.105726,0.385827,-0.00885797,0.00971923
1.70017,0.0327788,-0.244094,0.000143888,0.0134779
1.71017,0.105894,0.393701,0.0227083,0.0134779
1.72017,0.0315847,-0.244094,0.00423328,0.0134779
1.73017,0.106062,0.385827,0.00736641,0.0134779
1.74017,0.0303901,-0.267717,-0.0222539,0.0134779
1.75017,0.10623,0.401575,0.0135091,0.0134779
1.76017,0.0291951,-0.244094,0.0167572,0.0134779
1.77017,0.106397,0.385827,0.0146087,0.0134779
1.78017,0.0279996,-0.259843,-0.010804,0.0134779
1.79017,0.106563,0.385827,-0.00726352,0.0134779
1.80017,0.0268037,-0.259843,-0.00989085,0.0135569
1.81016,0.106729,0.385827,-0.0029079,0.0135569
1.82016,0.0256074,-0.251969,0.0157997,0.0135569
1.83016,0.106894,0.393701,0.00146912,0.0135569
1.84016,0.0244107,-0.259843,-0.00248833,0.0135569
1.85016,0.107059,0.385827,-0.0095346,0.0135569
1.86016,0.0232136,-0.251969,-0.000506396,0.0135569
1.87016,0.107223,0.385827,0.000611912,0.0135569
1.88016,0.022016,-0.251969,0.0154966,0.0135569
1.89016,0.107386,0.370079,-0.0215976,0.0135569
1.90016,0.0208181,-0.251969,-0.00139467,0.0114125
1.91016,0.107549,0.377953,-0.0162909,0.0114125
1.92016,0.0196197,-0.259843,-0.000801318,0.0114125
1.93016,0.107711,0.385827,-0.00379465,0.0114125
1.94016,0.018421,-0.251969,0.00837445,0.0114125
1.95015,0.107873,0.393701,0.016039,0.0114125
1.96015,0.0172219,-0.251969,0.0125759,0.0114125
1.97015,0.108034,0.377953,-0.0114648,0.0114125
1.98015,0.0160224,-0.244094,0.0122054,0.0114125
1.99015,0.108195,0.377953,0.0140117,0.0114125
2.00015,0.0148225,-0.259843,-0.00591858,0.0108652
2.01015,0.10784,0.385827,0.000955672,0.0108652
2.02016,0.0214132,-0.251969,0.00333495,0.0108652
2.03016,0.106929,0.377953,-0.0108584,0.0108652
2.04017,0.0280901,-0.251969,0.00962049,0.0108652
2.05017,0.106001,0.393701,0.0122497,0.0108652
2.06017,0.0347536,-0.244094,0.00367658,0.0108652
2.07018,0.105055,0.401575,0.0144057,0.0108652
2.08018,0.0414029,-0.267717,-0.0134143,0.0108652
2.09019,0.10409,0.385827,-0.0126765,0.0108652
2.10019,0.0480371,-0.244094,0.00165716,0.00963816
2.1102,0.103106,0.393701,0.00440635,0.00963816
2.1202,0.0546553,-0.23622,0.0119813,0.00963816
2.1302,0.102103,0.393701,-0.00484069,0.00963816
2.14021,0.0612565,-0.244094,0.00288662,0.00963816
2.15021,0.101079,0.393701,-0.00306216,0.00963816
2.16022,0.0678401,-0.23622,0.0133656,0.00963816
2.17022,0.100036,0.409449,0.00150651,0.00963816
2.18022,0.074405,-0.23622,0.0159445,0.00963816
2.19023,0.0989716,0.393701,-0.00325831,0.00963816
2.20023,0.0809505,-0.228346,0.0050718,0.00906906
2.21024,0.0978862,0.393701,-0.0067612,0.00906906
2.22024,0.0874756,-0.228346,0.00260561,0.00906906
2.23024,0.0967792,0.401575,-0.0118918,0.00906906
2.24025,0.0939795,-0.228346,0.0114476,0.00906906
2.25025,0.0956503,0.409449,0.00438645,0.00906906
2.26026,0.100461,-0.23622,-0.0119733,0.00906906
2.27026,0.094499,0.417323,0.0121874,0.00906906
2.28026,0.10692,-0.23622,-0.00688977,0.00906906
2.29027,0.093325,0.417323,0.0196802,0.00906906
2.30027,0.113356,-0.228346,0.00814683,0.00948166
2.31028,0.0921278,0.401575,-0.0108155,0.00948166
2.32028,0.119766,-0.220472,0.0143642,0.00948166
2.33028,0.0909071,0.417323,0.014699,0.00948166
2.34029,0.126152,-0.228346,-0.00966638,0.00948166
2.35029,0.0896624,0.409449,-0.00872383,0.00948166
2.3603,0.132511,-0.220472,0.0023056,0.00948166
2.3703,0.0883935,0.409449,-0.00367261,0.00948166
2.3803,0.138843,-0.212598,0.0136476,0.00948166
2.39031,0.0870999,0.409449,-0.00279988,0.00948166
2.71644,0.13953,0,0.0999864,0.0100965
2.72644,-0.291548,-0.425197,-0.458361,0.0100965
2.73645,0.13891,-0.488189,-1.44518,0.0100965
2.74645,-0.285275,-1,0.972057,0.0100965
2.75646,0.138294,-1,1.73909,0.0100965
2.76646,-0.278972,0.440945,1.0302,0.0100965
2.77646,0.137684,0.826772,-0.878487,0.0100965
2.78647,-0.272641,-1,-0.361669,0.0100965
2.79647,0.137077,-0.866142,1.08084,0.0100965
2.80648,-0.266282,-0.976378,1.31049,0.0100965
2.81648,0.136474,0.23622,0.753935,0.802634
2.82648,-0.259897,-0.401575,0.0694016,0.802634
2.83649,0.135874,-0.102362,0.159458,0.802634
2.84649,-0.253485,-0.755906,0.608891,0.802634
2.8565,0.135276,0.11811,0.49323,0.802634
2.8665,-0.247049,-0.401575,0.185359,0.802634
2.8765,0.134681,0.141732,0.145505,0.802634
2.88651,-0.240588,-0.448819,0.237537,0.802634
2.89651,0.134087,0.259843,0.11788,0.802634
2.90652,-0.234105,-0.354331,0.0619517,0.802634
2.91652,0.133495,0.275591,0.0672821,0.339647
2.92653,-0.227599,-0.307087,0.028661,0.339647
2.93653,0.132903,0.338583,-0.012975,0.339647
2.94653,-0.221071,-0.291339,-0.00849715,0.339647
2.95654,0.132312,0.362205,-0.0474187,0.339647
2.96654,-0.214523,-0.259843,-0.0618398,0.339647
2.97655,0.13172,0.370079,-0.0828643,0.339647
2.98655,-0.207955,-0.251969,-0.0811286,0.339647
2.99655,0.131128,0.377953,-0.0855266,0.339647
3.00656,-0.201369,-0.244094,-0.0838752,0.339647
3.01656,0.130534,0.385827,-0.0846107,0.122445
3.02657,-0.194764,-0.244094,-0.0871475,0.122445
3.03657,0.129939,0.385827,-0.0860823,0.122445
3.04657,-0.188143,-0.251969,-0.085935,0.122445
3.05658,0.129342,0.385827,-0.0935558,0.122445
3.06658,-0.181506,-0.244094,-0.0905749,0.122445
3.07659,0.128742,0.377953,-0.0830719,0.122445
3.08659,-0.174853,-0.251969,-0.0835496,0.122445
3.09659,0.128138,0.370079,-0.0771038,0.122445
3.1066,-0.168187,-0.259843,-0.0718659,0.122445
3.1166,0.127531,0.370079,-0.0694376,0.0654675
3.12661,-0.161507,-0.259843,-0.0642836,0.0654675
3.13661,0.12692,0.362205,-0.0543706,0.0654675
3.14661,-0.154815,-0.267717,-0.064992,0.0654675
3.15662,0.126304,0.354331,-0.038783,0.0654675
3.16662,-0.148111,-0.275591,-0.0464487,0.0654675
3.17663,0.125683,0.354331,-0.0360974,0.0654675
3.18663,-0.141397,-0.283465,-0.0288444,0.0654675
3.19663,0.125057,0.346457,-0.0270351,0.0654675
3.20664,-0.134673,-0.283465,-0.0376025,0.0654675
3.21664,0.124424,0.338583,-0.00769978,0.0409049
3.22665,-0.12794,-0.283465,-0.0192665,0.0409049
3.23665,0.123785,0.338583,-0.0111054,0.0409049
3.24665,-0.1212,-0.283465,-0.0210371,0.0409049
3.25666,0.123138,0.338583,-0.00732209,0.0409049
3.26666,-0.114453,-0.291339,-0.004734,0.0409049
3.27667,0.122484,0.346457,-0.000354826,0.0409049
3.28667,-0.1077,-0.299213,0.00316877,0.0409049
3.29667,0.121822,0.346457,0.00386554,0.0409049
3.30668,-0.100942,-0.291339,0.00577768,0.0409049
3.31668,0.121151,0.338583,0.00793239,0.0283751
3.32669,-0.0941794,-0.299213,0.0248357,0.0283751
3.33669,0.120472,0.338583,0.00160744,0.0283751
3.34669,-0.0874141,-0.299213,0.0141569,0.0283751
3.3567,0.119782,0.338583,0.0110765,0.0283751
3.3667,-0.0806466,-0.291339,0.0139457,0.0283751
3.37671,0.119083,0.338583,0.0216372,0.0283751
3.38671,-0.0738777,-0.291339,0.0161557,0.0283751
3.39672,0.118373,0.338583,0.0191546,0.0283751
3.40672,-0.0671085,-0.299213,0.0226015,0.0283751
3.41672,0.117651,0.346457,0.0180007,0.02291
3.42673,-0.0603398,-0.291339,0.0236445,0.02291
3.43673,0.116919,0.346457,0.0156055,0.02291
3.44674,-0.0535726,-0.283465,0.028494,0.02291
3.45674,0.116174,0.346457,0.0153861,0.02291
3.46674,-0.0468077,-0.291339,0.0258676,0.02291
3.47675,0.115417,0.346457,0.0212458,0.02291
3.48675,-0.0400462,-0.283465,0.020632,0.02291
3.49676,0.114647,0.354331,0.0107842,0.02291
3.50676,-0.0332888,-0.283465,0.0162586,0.02291
3.51676,0.113863,0.362205,0.0250066,0.0181425
3.52677,-0.0265366,-0.283465,0.0249173,0.0181425
3.53677,0.113066,0.362205,0.0186855,0.0181425
3.54678,-0.0197904,-0.275591,0.0275767,0.0181425
3.55678,0.112254,0.362205,0.0185723,0.0181425
3.56678,-0.0130511,-0.275591,0.0196839,0.0181425
3.57679,0.111427,0.370079,0.0198485,0.0181425
3.58679,-0.00631973,-0.283465,0.0193918,0.0181425
3.5968,0.110585,0.370079,0.0144644,0.0181425
3.6068,0.000402926,-0.267717,0.0217489,0.0181425
3.6168,0.109727,0.370079,0.0170445,0.0147733
3.62681,0.00711592,-0.267717,0.0182793,0.0147733
3.63681,0.108852,0.370079,0.0138939,0.0147733
3.64682,0.0138184,-0.267717,0.0224998,0.0147733
3.65682,0.107961,0.370079,0.0117126,0.0147733
3.66682,0.0205093,-0.267717,0.0241035,0.0147733
3.67683,0.107053,0.385827,0.0133376,0.0147733
3.68683,0.027188,-0.267717,0.0206303,0.0147733
3.69684,0.106128,0.377953,0.0100577,0.0147733
3.70684,0.0338534,-0.267717,0.0249976,0.0147733
3.71684,0.105184,0.385827,0.0142707,0.0119684
3.72685,0.0405047,-0.259843,0.0292434,0.0119684
3.73685,0.104221,0.385827,0.0173954,0.0119684
3.74686,0.0471409,-0.259843,0.0177383,0.0119684
3.75686,0.10324,0.385827,0.0109958,0.0119684
3.76686,0.0537613,-0.259843,0.0218235,0.0119684
3.77687,0.102239,0.385827,0.00952691,0.0119684
3.78687,0.0603649,-0.251969,0.0230413,0.0119684
3.79688,0.101219,0.385827,0.00792882,0.0119684
3.80688,0.0669509,-0.251969,0.0270926,0.0119684
3.81688,0.100178,0.393701,0.0115121,0.0101735
3.82689,0.0735184,-0.251969,0.0205796,0.0101735
3.83689,0.0991167,0.393701,0.0129093,0.0101735
3.8469,0.0800665,-0.244094,0.0151648,0.0101735
3.8569,0.0980342,0.393701,0.0201332,0.0101735
3.86691,0.0865945,-0.23622,0.0141192,0.0101735
3.87691,0.0969302,0.393701,0.0122174,0.0101735
3.88691,0.0931013,-0.23622,0.0175799,0.0101735
3.89692,0.0958043,0.401575,0.00780188,0.0101735
3.90692,0.0995862,-0.23622,0.0231418,0.0101735
3.91693,0.094656,0.401575,0.010119,0.00912367
3.92693,0.106048,-0.23622,0.0116276,0.00912367
3.93693,0.0934851,0.401575,0.014787,0.00912367
3.94694,0.112487,-0.23622,0.00835487,0.00912367
3.95694,0.0922911,0.401575,0.00734057,0.00912367
3.96695,0.118901,-0.228346,0.00612299,0.00912367
3.97695,0.0910736,0.401575,0.0146001,0.00912367
3.98695,0.12529,-0.228346,0.0119012,0.00912367
3.99696,0.0898322,0.409449,0.00572785,0.00912367
4.00696,0.12659,-0.228346,0.00864567,0.00912367
4.01695,0.0910431,0.401575,0.0154998,0.00916075
4.02694,0.117912,-0.23622,0.00637702,0.00916075
4.03694,0.0926921,0.401575,0.00171862,0.00916075
4.04693,0.109187,-0.23622,0.00690202,0.00916075
4.05693,0.0942981,0.401575,0.00252009,0.00916075
4.06692,0.100418,-0.23622,0.00985766,0.00916075
4.07692,0.0958619,0.393701,0.0123749,0.00916075
4.08691,0.0916069,-0.23622,0.00662607,0.00916075
4.09691,0.0973846,0.393701,0.011957,0.00916075
4.1069,0.0827556,-0.244094,0.00655438,0.00916075
4.11689,0.0988671,0.393701,0.00945714,0.00924832
4.12689,0.0738664,-0.244094,0.0115561,0.00924832
4.13688,0.100311,0.393701,0.0139692,0.00924832
4.14688,0.0649413,-0.251969,0.0211698,0.00924832
4.15687,0.101716,0.393701,0.00487036,0.00924832
4.16687,0.0559826,-0.251969,0.0128854,0.00924832
4.17686,0.103084,0.393701,0.00981333,0.00924832
4.18686,0.0469924,-0.259843,0.0262283,0.00924832
4.19685,0.104417,0.385827,0.0100417,0.00924832
4.20685,0.0379729,-0.259843,0.0243595,0.00924832
4.21684,0.105715,0.385827,0.0124001,0.0114821
4.22683,0.0289264,-0.259843,0.0179278,0.0114821
4.23683,0.106979,0.370079,0.0100374,0.0114821
4.24682,0.019855,-0.267717,0.016229,0.0114821
4.25682,0.10821,0.377953,0.0100601,0.0114821
4.26681,0.0107609,-0.267717,0.0143773,0.0114821
4.27681,0.10941,0.370079,0.0161928,0.0114821
4.2868,0.00164654,-0.267717,0.0107927,0.0114821
4.2968,0.11058,0.370079,0.00663692,0.0114821
4.30679,-0.00748601,-0.267717,0.00908258,0.0114821
4.31678,0.11172,0.370079,0.00980698,0.0117555
4.32678,-0.0166344,-0.275591,0.0185651,0.0117555
4.33677,0.112832,0.362205,0.0150237,0.0117555
4.34677,-0.0257964,-0.275591,0.0112993,0.0117555
4.35676,0.113918,0.362205,0.00900734,0.0117555
4.36676,-0.0349698,-0.275591,0.0116851,0.0117555
4.37675,0.114978,0.362205,0.0132281,0.0117555
4.38675,-0.0441521,-0.283465,0.0059394,0.0117555
4.39674,0.116013,0.354331,0.0116037,0.0117555
4.40674,-0.0533412,-0.283465,0.00894516,0.0117555
4.41673,0.117026,0.354331,0.00835388,0.011295
4.42672,-0.0625347,-0.283465,0.0200951,0.011295
4.43672,0.118016,0.346457,0.0132123,0.011295
4.44671,-0.0717304,-0.291339,0.0211701,0.011295
4.45671,0.118985,0.346457,0.0181559,0.011295
4.4667,-0.0809259,-0.291339,0.0109814,0.011295
4.4767,0.119935,0.346457,0.011341,0.011295
4.48669,-0.090119,-0.291339,0.0139413,0.011295
4.49669,0.120866,0.338583,0.0100246,0.011295
4.50668,-0.0993072,-0.291339,0.0125912,0.011295
4.51667,0.121781,0.338583,0.00891382,0.0109011
4.52667,-0.108488,-0.299213,0.0184657,0.0109011
4.53666,0.122679,0.338583,0.0104054,0.0109011
4.54666,-0.11766,-0.299213,0.00709931,0.0109011
4.55665,0.123562,0.330709,0.0146128,0.0109011
4.56665,-0.12682,-0.299213,0.013866,0.0109011
4.57664,0.124432,0.330709,0.00598643,0.0109011
4.58664,-0.135966,-0.299213,0.0135112,0.0109011
4.59663,0.12529,0.322835,0.00874321,0.0109011
4.60663,-0.145096,-0.307087,0.00730529,0.0109011
4.61662,0.126137,0.322835,0.014043,0.0103323
4.62661,-0.154206,-0.307087,0.0114862,0.0103323
4.63661,0.126974,0.322835,0.00473113,0.0103323
4.6466,-0.163296,-0.307087,0.00813724,0.0103323
4.6566,0.127803,0.314961,0.0141755,0.0103323
4.66659,-0.172363,-0.307087,0.0100531,0.0103323
4.67659,0.128624,0.307087,0.0123585,0.0103323
4.68658,-0.181404,-0.314961,0.0145504,0.0103323
4.69658,0.12944,0.307087,0.00981665,0.0103323
4.70657,-0.190417,-0.314961,0.0202652,0.0103323
4.71657,0.13025,0.307087,0.0042355,0.0101252
4.72656,-0.1994,-0.314961,0.00337342,0.0101252
4.73655,0.131057,0.299213,0.00976103,0.0101252
4.74655,-0.208351,-0.322835,0.00327843,0.0101252
4.75654,0.131862,0.299213,0.00832903,0.0101252
4.76654,-0.217267,-0.322835,-6.05206e-05,0.0101252
4.77653,0.132666,0.291339,0.0083928,0.0101252
4.78653,-0.226146,-0.322835,0.00218668,0.0101252
4.79652,0.133469,0.291339,-0.00597927,0.0101252
4.80652,-0.234985,-0.322835,0.00763687,0.0101252
4.81651,0.134274,0.283465,0.0043409,0.00925977
4.8265,-0.243784,-0.330709,0.0124925,0.00925977
4.8365,0.135082,0.283465,0.00547573,0.00925977
4.84649,-0.252538,-0.322835,0.00537859,0.00925977
4.85649,0.135893,0.275591,0.00778289,0.00925977
4.86648,-0.261247,-0.330709,0.00230091,0.00925977
4.87648,0.136709,0.275591,0.00793853,0.00925977
4.88647,-0.269907,-0.330709,0.00839149,0.00925977
4.89647,0.137531,0.267717,0.00772722,0.00925977
4.90646,-0.278518,-0.330709,0.00927108,0.00925977
4.91646,0.13836,0.259843,0.00485981,0.00994384
4.92645,-0.287076,-0.338583,0.00927434,0.00994384
4.93644,0.139198,0.259843,-0.00451028,0.00994384
4.94644,-0.295579,-0.338583,0.00109677,0.00994384
4.95643,0.140045,0.251969,0.0091429,0.00994384
4.96643,-0.304025,-0.338583,0.0027738,0.00994384
4.97642,0.140903,0.251969,0.00538442,0.00994384
4.98642,-0.312413,-0.338583,0.00693555,0.00994384
4.99641,0.141773,0.251969,0.00732309,0.00994384
5.00641,-0.320739,-0.338583,0.00859988,0.00994384
5.0164,0.142656,0.244094,-0.000308096,0.0104623
5.02639,-0.329003,-0.338583,0.00298049,0.0104623
5.03639,0.143552,0.244094,0.00449474,0.0104623
5.04638,-0.337201,-0.338583,-0.00230306,0.0104623
5.05638,0.144464,0.23622,0.00789252,0.0104623
5.06637,-0.345332,-0.346457,0.00474608,0.0104623
5.07637,0.145392,0.228346,0.0048037,0.0104623
5.08636,-0.353394,-0.346457,0.00160097,0.0104623
5.09636,0.146337,0.228346,-0.000928984,0.0104623
5.10635,-0.361384,-0.346457,0.00656956,0.0104623
5.11635,0.147301,0.228346,0.00889118,0.00987688
5.12634,-0.369301,-0.346457,0.00709388,0.00987688
5.13633,0.148283,0.220472,0.00166111,0.00987688
5.14633,-0.377144,-0.346457,0.0045119,0.00987688
5.15632,0.149286,0.212598,0.000937706,0.00987688
5.16632,-0.384908,-0.346457,0.011471,0.00987688
5.17631,0.15031,0.220472,-7.2859e-05,0.00987688
5.18631,-0.392594,-0.346457,0.00166271,0.00987688
5.1963,0.151357,0.212598,0.00169603,0.00987688
5.2063,-0.400199,-0.354331,0.000572969,0.00987688
5.21629,0.152426,0.204724,-0.00171314,0.0094322
5.22628,-0.407721,-0.354331,0.00509439,0.0094322
5.23628,0.15352,0.204724,-0.00133723,0.0094322
5.24627,-0.415158,-0.354331,0.00107076,0.0094322
5.25627,0.154639,0.19685,-0.000125243,0.0094322
5.26626,-0.422509,-0.354331,-0.00175685,0.0094322
5.27626,0.155784,0.188976,0.00575017,0.0094322
5.28625,-0.429772,-0.354331,-0.00202216,0.0094322
5.29625,0.156955,0.188976,0.00185553,0.0094322
5.30624,-0.436944,-0.354331,0.000467773,0.0094322
5.31624,0.158154,0.181102,0.00295361,0.0101928
5.32623,-0.444025,-0.354331,-0.00641893,0.0101928
5.33622,0.159382,0.181102,0.00179354,0.0101928
5.34622,-0.451012,-0.354331,0.00579083,0.0101928
5.35621,0.160638,0.181102,-0.00562725,0.0101928
5.36621,-0.457904,-0.354331,0.00129601,0.0101928
5.3762,0.161925,0.173228,0.0046949,0.0101928
5.3862,-0.4647,-0.354331,0.000580534,0.0101928
5.39619,0.163243,0.173228,0.00275546,0.0101928
5.40619,-0.471397,-0.354331,0.00298463,0.0101928
5.41618,0.164592,0.165354,-0.00125486,0.00963608
5.42618,-0.477994,-0.354331,7.32541e-05,0.00963608
5.43617,0.165973,0.15748,0.00419372,0.00963608
5.44616,-0.484489,-0.354331,0.0053593,0.00963608
5.45616,0.167387,0.15748,-0.000360762,0.00963608
5.46615,-0.490881,-0.354331,0.00230864,0.00963608
5.47615,0.168835,0.149606,-0.00177636,0.00963608
5.48614,-0.497169,-0.354331,-0.00282051,0.00963608
5.49614,0.170317,0.149606,-0.00537524,0.00963608
5.50613,-0.503351,-0.354331,-0.00240196,0.00963608
5.51613,0.171834,0.149606,-0.000605295,0.0100228
5.52612,-0.509425,-0.354331,-0.00373379,0.0100228
5.53611,0.173386,0.141732,0.00137032,0.0100228
5.54611,-0.515391,-0.354331,-0.000998829,0.0100228
5.5561,0.174974,0.133858,0.00117766,0.0100228
5.5661,-0.521247,-0.354331,0.00658019,0.0100228
5.57609,0.176599,0.133858,0.00257087,0.0100228
5.58609,-0.526991,-0.354331,-0.00119574,0.0100228
5.59608,0.17826,0.125984,-0.00453972,0.0100228
5.60608,-0.532622,-0.346457,-0.00308907,0.0100228
5.61607,0.179959,0.125984,-0.00307437,0.00999902
5.62607,-0.538139,-0.346457,-0.00161831,0.00999902
5.63606,0.181696,0.11811,-0.00387821,0.00999902
5.64605,-0.543542,-0.354331,0.00357792,0.00999902
5.65605,0.183471,0.11811,-0.000491328,0.00999902
5.66604,-0.548828,-0.346457,-0.00162301,0.00999902
5.67604,0.185285,0.110236,-0.00324935,0.00999902
5.68603,-0.553996,-0.346457,0.00164201,0.00999902
5.69603,0.187137,0.110236,-0.00825814,0.00999902
5.70602,-0.559046,-0.346457,-0.00113605,0.00999902
